{"number": 4444416188444444413307311444448167003331448483677076361411860007006679311670503763313113660033318433137670633144333607007319446663770761192866637777619988666367677188886663137776888833188177769888198998607399989999291071992929229296739923, "colors": [[0.861164925951963, 0.7754339761050318, 0.6346110600020403], [0.3403437899336313, 0.23067590035313096, 0.14848509831402212], [0.4257430192707453, 0.6000539356143602, 0.6087802685544073], [0.4859119261689066, 0.3615457393590196, 0.24606738390241564], [0.024725372530890112, 0.01914140637021201, 0.019636203458196354], [0.9418884748469425, 0.9002572974891473, 0.7952998846597399], [0.6193619427121089, 0.4993635227951648, 0.35165439633420187], [0.7484397064610822, 0.6361784383174899, 0.4939845359631393], [0.12205128205126695, 0.122315105964178, 0.10757573433544887], [0.2782702446537503, 0.38157692079853106, 0.4085468870327547]], "size": [14, 17]}