{"number": 4444441318884444444893307313444444419670031314448488367007333144188167077006676831137005760736733313770003666318331137600633118433136067073318443333700007631144666367707731994466636777771169886666377777381888666613677768888866618137777188883388881777699888899999860039999899299281001992992992922990369293, "colors": [[0.861164925951963, 0.7754339761050318, 0.6346110600020403], [0.3403437899336313, 0.23067590035313096, 0.14848509831402212], [0.4257430192707453, 0.6000539356143602, 0.6087802685544073], [0.4859119261689066, 0.3615457393590196, 0.24606738390241564], [0.024725372530890112, 0.01914140637021201, 0.019636203458196354], [0.9418884748469425, 0.9002572974891473, 0.7952998846597399], [0.6193619427121089, 0.4993635227951648, 0.35165439633420187], [0.7484397064610822, 0.6361784383174899, 0.4939845359631393], [0.12205128205126695, 0.122315105964178, 0.10757573433544887], [0.2782702446537503, 0.38157692079853106, 0.4085468870327547]], "size": [16, 19]}