{"number": 222222222222222222222191222222222299000922222777100919927777337094664127777337956666523333337144445523333333551551123333333444664443333333446444448846668244515588888888851111188888888819511188888158851909588888115954191188889, "colors": [[0.08835121191108584, 0.06351482174668864, 0.04594398573534273], [0.42929778194810203, 0.2861283021505116, 0.12106320140876761], [0.4599827287561353, 0.3985920847277983, 0.39438077888142103], [0.7811137817828223, 0.7768555997868435, 0.7859900989676611], [0.6733550642095962, 0.5752884706060929, 0.27087882837996186], [0.5468815446739262, 0.44702430037434976, 0.1943594727611156], [0.7863161534578723, 0.6904114297905442, 0.40034014645245874], [0.6520110622262637, 0.6540865865622945, 0.6654728059636202], [0.8191387704665678, 0.5269296381821135, 0.13990957071570306], [0.2373360539955546, 0.18066587853841273, 0.1028781082040544]], "size": [15, 15]}