{"number": 999999999999999999999575999999999977666799999111566757791111001673883591111001748888490000001533334490000000445445590000000333883330000000338333332238882233454422222222245565522222222257455522222542245767422222554743575522229, "colors": [[0.7811137817828223, 0.7768555997868435, 0.7859900989676611], [0.6520110622262637, 0.6540865865622945, 0.6654728059636202], [0.8191387704665678, 0.5269296381821135, 0.13990957071570306], [0.6733550642095962, 0.5752884706060929, 0.27087882837996186], [0.5468815446739262, 0.44702430037434976, 0.1943594727611156], [0.42929778194810203, 0.2861283021505116, 0.12106320140876761], [0.08835121191108584, 0.06351482174668864, 0.04594398573534273], [0.2373360539955546, 0.18066587853841273, 0.1028781082040544], [0.7863161534578723, 0.6904114297905442, 0.40034014645245874], [0.4599827287561353, 0.3985920847277983, 0.39438077888142103]], "size": [15, 15]}