{"number": 3777722308844837777738441155551107728555555555511827359995555555148273159555555511482781180844480330802440322044022308631403238558333084851800819914884144599551599515511445999511488111144411119180001144484444484800088888000440308880030800330000480088800360323384400880323633022308880327281, "colors": [[0.23561113957131968, 0.2715333615460631, 0.46969656472962895], [0.4210565619065752, 0.5080991700270826, 0.7471463013932308], [0.11052827708061518, 0.11867204280813667, 0.22406283888740156], [0.17356996946492545, 0.19527322299939115, 0.35539672225832564], [0.35089403896229826, 0.43585891421694134, 0.6846468020978168], [0.4946231218179237, 0.5777128484573782, 0.8028253993761576], [0.4396323793810979, 0.47568796666455027, 0.5738202508619427], [0.06266341760029305, 0.055700613964611546, 0.08709040663241285], [0.2909679133881044, 0.35209154178269353, 0.5851841581260291], [0.5577857704554416, 0.6455092753735197, 0.8671500947519106]], "size": [17, 17]}